<?xml version="1.0" encoding="utf-8"?>
<cwbopendata xmlns="urn:cwb:gov:tw:cwbcommon:0.1">
  <identifier>36ff7339-d68a-402c-ba81-a6d247382ad1</identifier>
  <sender>weather@cwb.gov.tw</sender>
  <sent>2020-05-25T18:20:20+08:00</sent>
  <status>Actual</status>
  <scope>Public</scope>
  <msgType>Issue</msgType>
  <dataid>null</dataid>
  <source>MFC</source>
  <dataset>
    <datasetInfo>
      <datasetDescription>Seven Days Weather Forecast of 368 townships</datasetDescription>
      <datasetLanguage>EN</datasetLanguage>
      <issueTime>2020-05-25T17:00:00+08:00</issueTime>
      <validTime>
        <startTime>2020-05-25T18:00:00+08:00</startTime>
        <endTime>2020-06-02T17:00:00+08:00</endTime>
      </validTime>
      <update>2020-05-25T18:20:20+08:00</update>
    </datasetInfo>
    <locations>
      <locationsName>Chiayi City</locationsName>
      <location>
        <locationName>East District</locationName>
        <geocode>1002001</geocode>
        <lat>23.480384</lat>
        <lon>120.445361</lon>
        <weatherElement>
          <elementName>T</elementName>
          <description>average of temperature</description>
          <time>
            <startTime>2020-05-26T00:00:00+08:00</startTime>
            <endTime>2020-05-27T00:00:00+08:00</endTime>
            <elementValue>
              <value>28</value>
              <measures>C</measures>
            </elementValue>
          </time>
          <time>
            <startTime>2020-05-27T00:00:00+08:00</startTime>
            <endTime>2020-05-28T00:00:00+08:00</endTime>
            <elementValue>
              <value>27</value>
              <measures>C</measures>
            </elementValue>
          </time>
          <time>
            <startTime>2020-05-28T00:00:00+08:00</startTime>
            <endTime>2020-05-29T00:00:00+08:00</endTime>
            <elementValue>
              <value>27</value>
              <measures>C</measures>
            </elementValue>
          </time>
          <time>
            <startTime>2020-05-29T00:00:00+08:00</startTime>
            <endTime>2020-05-30T00:00:00+08:00</endTime>
            <elementValue>
              <value>28</value>
              <measures>C</measures>
            </elementValue>
          </time>
          <time>
            <startTime>2020-05-30T00:00:00+08:00</startTime>
            <endTime>2020-05-31T00:00:00+08:00</endTime>
            <elementValue>
              <value>28</value>
              <measures>C</measures>
            </elementValue>
          </time>
          <time>
            <startTime>2020-05-31T00:00:00+08:00</startTime>
            <endTime>2020-06-01T00:00:00+08:00</endTime>
            <elementValue>
              <value>29</value>
              <measures>C</measures>
            </elementValue>
          </time>
          <time>
            <startTime>2020-06-01T00:00:00+08:00</startTime>
            <endTime>2020-06-02T00:00:00+08:00</endTime>
            <elementValue>
              <value>29</value>
              <measures>C</measures>
            </elementValue>
          </time>
        </weatherElement>
        <weatherElement>
          <elementName>Td</elementName>
          <description>average of dew point temperature</description>
          <time>
            <startTime>2020-05-26T00:00:00+08:00</startTime>
            <endTime>2020-05-27T00:00:00+08:00</endTime>
            <elementValue>
              <value>26</value>
              <measures>C</measures>
            </elementValue>
          </time>
          <time>
            <startTime>2020-05-27T00:00:00+08:00</startTime>
            <endTime>2020-05-28T00:00:00+08:00</endTime>
            <elementValue>
              <value>26</value>
              <measures>C</measures>
            </elementValue>
          </time>
          <time>
            <startTime>2020-05-28T00:00:00+08:00</startTime>
            <endTime>2020-05-29T00:00:00+08:00</endTime>
            <elementValue>
              <value>25</value>
              <measures>C</measures>
            </elementValue>
          </time>
          <time>
            <startTime>2020-05-29T00:00:00+08:00</startTime>
            <endTime>2020-05-30T00:00:00+08:00</endTime>
            <elementValue>
              <value>26</value>
              <measures>C</measures>
            </elementValue>
          </time>
          <time>
            <startTime>2020-05-30T00:00:00+08:00</startTime>
            <endTime>2020-05-31T00:00:00+08:00</endTime>
            <elementValue>
              <value>26</value>
              <measures>C</measures>
            </elementValue>
          </time>
          <time>
            <startTime>2020-05-31T00:00:00+08:00</startTime>
            <endTime>2020-06-01T00:00:00+08:00</endTime>
            <elementValue>
              <value>26</value>
              <measures>C</measures>
            </elementValue>
          </time>
          <time>
            <startTime>2020-06-01T00:00:00+08:00</startTime>
            <endTime>2020-06-02T00:00:00+08:00</endTime>
            <elementValue>
              <value>26</value>
              <measures>C</measures>
            </elementValue>
          </time>
        </weatherElement>
        <weatherElement>
          <elementName>RH</elementName>
          <description>average of relative humidity</description>
          <time>
            <startTime>2020-05-26T00:00:00+08:00</startTime>
            <endTime>2020-05-27T00:00:00+08:00</endTime>
            <elementValue>
              <value>86</value>
              <measures>%</measures>
            </elementValue>
          </time>
          <time>
            <startTime>2020-05-27T00:00:00+08:00</startTime>
            <endTime>2020-05-28T00:00:00+08:00</endTime>
            <elementValue>
              <value>91</value>
              <measures>%</measures>
            </elementValue>
          </time>
          <time>
            <startTime>2020-05-28T00:00:00+08:00</startTime>
            <endTime>2020-05-29T00:00:00+08:00</endTime>
            <elementValue>
              <value>89</value>
              <measures>%</measures>
            </elementValue>
          </time>
          <time>
            <startTime>2020-05-29T00:00:00+08:00</startTime>
            <endTime>2020-05-30T00:00:00+08:00</endTime>
            <elementValue>
              <value>90</value>
              <measures>%</measures>
            </elementValue>
          </time>
          <time>
            <startTime>2020-05-30T00:00:00+08:00</startTime>
            <endTime>2020-05-31T00:00:00+08:00</endTime>
            <elementValue>
              <value>85</value>
              <measures>%</measures>
            </elementValue>
          </time>
          <time>
            <startTime>2020-05-31T00:00:00+08:00</startTime>
            <endTime>2020-06-01T00:00:00+08:00</endTime>
            <elementValue>
              <value>88</value>
              <measures>%</measures>
            </elementValue>
          </time>
          <time>
            <startTime>2020-06-01T00:00:00+08:00</startTime>
            <endTime>2020-06-02T00:00:00+08:00</endTime>
            <elementValue>
              <value>86</value>
              <measures>%</measures>
            </elementValue>
          </time>
        </weatherElement>
        <weatherElement>
          <elementName>MaxT</elementName>
          <description>maximum temperature</description>
          <time>
            <startTime>2020-05-26T00:00:00+08:00</startTime>
            <endTime>2020-05-27T00:00:00+08:00</endTime>
            <elementValue>
              <value>31</value>
              <measures>C</measures>
            </elementValue>
          </time>
          <time>
            <startTime>2020-05-27T00:00:00+08:00</startTime>
            <endTime>2020-05-28T00:00:00+08:00</endTime>
            <elementValue>
              <value>30</value>
              <measures>C</measures>
            </elementValue>
          </time>
          <time>
            <startTime>2020-05-28T00:00:00+08:00</startTime>
            <endTime>2020-05-29T00:00:00+08:00</endTime>
            <elementValue>
              <value>30</value>
              <measures>C</measures>
            </elementValue>
          </time>
          <time>
            <startTime>2020-05-29T00:00:00+08:00</startTime>
            <endTime>2020-05-30T00:00:00+08:00</endTime>
            <elementValue>
              <value>32</value>
              <measures>C</measures>
            </elementValue>
          </time>
          <time>
            <startTime>2020-05-30T00:00:00+08:00</startTime>
            <endTime>2020-05-31T00:00:00+08:00</endTime>
            <elementValue>
              <value>33</value>
              <measures>C</measures>
            </elementValue>
          </time>
          <time>
            <startTime>2020-05-31T00:00:00+08:00</startTime>
            <endTime>2020-06-01T00:00:00+08:00</endTime>
            <elementValue>
              <value>33</value>
              <measures>C</measures>
            </elementValue>
          </time>
          <time>
            <startTime>2020-06-01T00:00:00+08:00</startTime>
            <endTime>2020-06-02T00:00:00+08:00</endTime>
            <elementValue>
              <value>33</value>
              <measures>C</measures>
            </elementValue>
          </time>
        </weatherElement>
        <weatherElement>
          <elementName>MinT</elementName>
          <description>minimum temperature</description>
          <time>
            <startTime>2020-05-26T00:00:00+08:00</startTime>
            <endTime>2020-05-27T00:00:00+08:00</endTime>
            <elementValue>
              <value>25</value>
              <measures>C</measures>
            </elementValue>
          </time>
          <time>
            <startTime>2020-05-27T00:00:00+08:00</startTime>
            <endTime>2020-05-28T00:00:00+08:00</endTime>
            <elementValue>
              <value>25</value>
              <measures>C</measures>
            </elementValue>
          </time>
          <time>
            <startTime>2020-05-28T00:00:00+08:00</startTime>
            <endTime>2020-05-29T00:00:00+08:00</endTime>
            <elementValue>
              <value>25</value>
              <measures>C</measures>
            </elementValue>
          </time>
          <time>
            <startTime>2020-05-29T00:00:00+08:00</startTime>
            <endTime>2020-05-30T00:00:00+08:00</endTime>
            <elementValue>
              <value>25</value>
              <measures>C</measures>
            </elementValue>
          </time>
          <time>
            <startTime>2020-05-30T00:00:00+08:00</startTime>
            <endTime>2020-05-31T00:00:00+08:00</endTime>
            <elementValue>
              <value>25</value>
              <measures>C</measures>
            </elementValue>
          </time>
          <time>
            <startTime>2020-05-31T00:00:00+08:00</startTime>
            <endTime>2020-06-01T00:00:00+08:00</endTime>
            <elementValue>
              <value>25</value>
              <measures>C</measures>
            </elementValue>
          </time>
          <time>
            <startTime>2020-06-01T00:00:00+08:00</startTime>
            <endTime>2020-06-02T00:00:00+08:00</endTime>
            <elementValue>
              <value>26</value>
              <measures>C</measures>
            </elementValue>
          </time>
        </weatherElement>
        <weatherElement>
          <elementName>MaxAT</elementName>
          <description>maximum athletic temperature</description>
          <time>
            <startTime>2020-05-26T00:00:00+08:00</startTime>
            <endTime>2020-05-27T00:00:00+08:00</endTime>
            <elementValue>
              <value>36</value>
              <measures>C</measures>
            </elementValue>
          </time>
          <time>
            <startTime>2020-05-27T00:00:00+08:00</startTime>
            <endTime>2020-05-28T00:00:00+08:00</endTime>
            <elementValue>
              <value>35</value>
              <measures>C</measures>
            </elementValue>
          </time>
          <time>
            <startTime>2020-05-28T00:00:00+08:00</startTime>
            <endTime>2020-05-29T00:00:00+08:00</endTime>
            <elementValue>
              <value>35</value>
              <measures>C</measures>
            </elementValue>
          </time>
          <time>
            <startTime>2020-05-29T00:00:00+08:00</startTime>
            <endTime>2020-05-30T00:00:00+08:00</endTime>
            <elementValue>
              <value>37</value>
              <measures>C</measures>
            </elementValue>
          </time>
          <time>
            <startTime>2020-05-30T00:00:00+08:00</startTime>
            <endTime>2020-05-31T00:00:00+08:00</endTime>
            <elementValue>
              <value>38</value>
              <measures>C</measures>
            </elementValue>
          </time>
          <time>
            <startTime>2020-05-31T00:00:00+08:00</startTime>
            <endTime>2020-06-01T00:00:00+08:00</endTime>
            <elementValue>
              <value>38</value>
              <measures>C</measures>
            </elementValue>
          </time>
          <time>
            <startTime>2020-06-01T00:00:00+08:00</startTime>
            <endTime>2020-06-02T00:00:00+08:00</endTime>
            <elementValue>
              <value>38</value>
              <measures>C</measures>
            </elementValue>
          </time>
        </weatherElement>
        <weatherElement>
          <elementName>MinAT</elementName>
          <description>minimum athletic temperature</description>
          <time>
            <startTime>2020-05-26T00:00:00+08:00</startTime>
            <endTime>2020-05-27T00:00:00+08:00</endTime>
            <elementValue>
              <value>28</value>
              <measures>C</measures>
            </elementValue>
          </time>
          <time>
            <startTime>2020-05-27T00:00:00+08:00</startTime>
            <endTime>2020-05-28T00:00:00+08:00</endTime>
            <elementValue>
              <value>28</value>
              <measures>C</measures>
            </elementValue>
          </time>
          <time>
            <startTime>2020-05-28T00:00:00+08:00</startTime>
            <endTime>2020-05-29T00:00:00+08:00</endTime>
            <elementValue>
              <value>27</value>
              <measures>C</measures>
            </elementValue>
          </time>
          <time>
            <startTime>2020-05-29T00:00:00+08:00</startTime>
            <endTime>2020-05-30T00:00:00+08:00</endTime>
            <elementValue>
              <value>28</value>
              <measures>C</measures>
            </elementValue>
          </time>
          <time>
            <startTime>2020-05-30T00:00:00+08:00</startTime>
            <endTime>2020-05-31T00:00:00+08:00</endTime>
            <elementValue>
              <value>27</value>
              <measures>C</measures>
            </elementValue>
          </time>
          <time>
            <startTime>2020-05-31T00:00:00+08:00</startTime>
            <endTime>2020-06-01T00:00:00+08:00</endTime>
            <elementValue>
              <value>28</value>
              <measures>C</measures>
            </elementValue>
          </time>
          <time>
            <startTime>2020-06-01T00:00:00+08:00</startTime>
            <endTime>2020-06-02T00:00:00+08:00</endTime>
            <elementValue>
              <value>28</value>
              <measures>C</measures>
            </elementValue>
          </time>
        </weatherElement>
        <weatherElement>
          <elementName>MaxCI</elementName>
          <description>maximum comfort index</description>
          <time>
            <startTime>2020-05-26T00:00:00+08:00</startTime>
            <endTime>2020-05-27T00:00:00+08:00</endTime>
            <elementValue>
              <value>30</value>
              <measures>NA</measures>
            </elementValue>
          </time>
          <time>
            <startTime>2020-05-27T00:00:00+08:00</startTime>
            <endTime>2020-05-28T00:00:00+08:00</endTime>
            <elementValue>
              <value>29</value>
              <measures>NA</measures>
            </elementValue>
          </time>
          <time>
            <startTime>2020-05-28T00:00:00+08:00</startTime>
            <endTime>2020-05-29T00:00:00+08:00</endTime>
            <elementValue>
              <value>29</value>
              <measures>NA</measures>
            </elementValue>
          </time>
          <time>
            <startTime>2020-05-29T00:00:00+08:00</startTime>
            <endTime>2020-05-30T00:00:00+08:00</endTime>
            <elementValue>
              <value>30</value>
              <measures>NA</measures>
            </elementValue>
          </time>
          <time>
            <startTime>2020-05-30T00:00:00+08:00</startTime>
            <endTime>2020-05-31T00:00:00+08:00</endTime>
            <elementValue>
              <value>30</value>
              <measures>NA</measures>
            </elementValue>
          </time>
          <time>
            <startTime>2020-05-31T00:00:00+08:00</startTime>
            <endTime>2020-06-01T00:00:00+08:00</endTime>
            <elementValue>
              <value>31</value>
              <measures>NA</measures>
            </elementValue>
          </time>
          <time>
            <startTime>2020-06-01T00:00:00+08:00</startTime>
            <endTime>2020-06-02T00:00:00+08:00</endTime>
            <elementValue>
              <value>31</value>
              <measures>NA</measures>
            </elementValue>
          </time>
        </weatherElement>
        <weatherElement>
          <elementName>MinCI</elementName>
          <description>minimum comfort index</description>
          <time>
            <startTime>2020-05-26T00:00:00+08:00</startTime>
            <endTime>2020-05-27T00:00:00+08:00</endTime>
            <elementValue>
              <value>25</value>
              <measures>NA</measures>
            </elementValue>
          </time>
          <time>
            <startTime>2020-05-27T00:00:00+08:00</startTime>
            <endTime>2020-05-28T00:00:00+08:00</endTime>
            <elementValue>
              <value>25</value>
              <measures>NA</measures>
            </elementValue>
          </time>
          <time>
            <startTime>2020-05-28T00:00:00+08:00</startTime>
            <endTime>2020-05-29T00:00:00+08:00</endTime>
            <elementValue>
              <value>24</value>
              <measures>NA</measures>
            </elementValue>
          </time>
          <time>
            <startTime>2020-05-29T00:00:00+08:00</startTime>
            <endTime>2020-05-30T00:00:00+08:00</endTime>
            <elementValue>
              <value>25</value>
              <measures>NA</measures>
            </elementValue>
          </time>
          <time>
            <startTime>2020-05-30T00:00:00+08:00</startTime>
            <endTime>2020-05-31T00:00:00+08:00</endTime>
            <elementValue>
              <value>24</value>
              <measures>NA</measures>
            </elementValue>
          </time>
          <time>
            <startTime>2020-05-31T00:00:00+08:00</startTime>
            <endTime>2020-06-01T00:00:00+08:00</endTime>
            <elementValue>
              <value>24</value>
              <measures>NA</measures>
            </elementValue>
          </time>
          <time>
            <startTime>2020-06-01T00:00:00+08:00</startTime>
            <endTime>2020-06-02T00:00:00+08:00</endTime>
            <elementValue>
              <value>25</value>
              <measures>NA</measures>
            </elementValue>
          </time>
        </weatherElement>
        <weatherElement>
          <elementName>PoP24h</elementName>
          <description>24 hours probability of precipitation</description>
          <time>
            <startTime>2020-05-26T00:00:00+08:00</startTime>
            <endTime>2020-05-27T00:00:00+08:00</endTime>
            <elementValue>
              <value>60</value>
              <measures>%</measures>
            </elementValue>
          </time>
          <time>
            <startTime>2020-05-27T00:00:00+08:00</startTime>
            <endTime>2020-05-28T00:00:00+08:00</endTime>
            <elementValue>
              <value>80</value>
              <measures>%</measures>
            </elementValue>
          </time>
          <time>
            <startTime>2020-05-28T00:00:00+08:00</startTime>
            <endTime>2020-05-29T00:00:00+08:00</endTime>
            <elementValue>
              <value>70</value>
              <measures>%</measures>
            </elementValue>
          </time>
          <time>
            <startTime>2020-05-29T00:00:00+08:00</startTime>
            <endTime>2020-05-30T00:00:00+08:00</endTime>
            <elementValue>
              <value> </value>
              <measures>%</measures>
            </elementValue>
          </time>
          <time>
            <startTime>2020-05-30T00:00:00+08:00</startTime>
            <endTime>2020-05-31T00:00:00+08:00</endTime>
            <elementValue>
              <value> </value>
              <measures>%</measures>
            </elementValue>
          </time>
          <time>
            <startTime>2020-05-31T00:00:00+08:00</startTime>
            <endTime>2020-06-01T00:00:00+08:00</endTime>
            <elementValue>
              <value> </value>
              <measures>%</measures>
            </elementValue>
          </time>
          <time>
            <startTime>2020-06-01T00:00:00+08:00</startTime>
            <endTime>2020-06-02T00:00:00+08:00</endTime>
            <elementValue>
              <value> </value>
              <measures>%</measures>
            </elementValue>
          </time>
        </weatherElement>
        <weatherElement>
          <elementName>WD</elementName>
          <description>wind direction</description>
          <time>
            <startTime>2020-05-26T00:00:00+08:00</startTime>
            <endTime>2020-05-27T00:00:00+08:00</endTime>
            <elementValue>
              <value>S</value>
              <measures>16 directions</measures>
            </elementValue>
          </time>
          <time>
            <startTime>2020-05-27T00:00:00+08:00</startTime>
            <endTime>2020-05-28T00:00:00+08:00</endTime>
            <elementValue>
              <value>S</value>
              <measures>16 directions</measures>
            </elementValue>
          </time>
          <time>
            <startTime>2020-05-28T00:00:00+08:00</startTime>
            <endTime>2020-05-29T00:00:00+08:00</endTime>
            <elementValue>
              <value>S</value>
              <measures>16 directions</measures>
            </elementValue>
          </time>
          <time>
            <startTime>2020-05-29T00:00:00+08:00</startTime>
            <endTime>2020-05-30T00:00:00+08:00</endTime>
            <elementValue>
              <value>S</value>
              <measures>16 directions</measures>
            </elementValue>
          </time>
          <time>
            <startTime>2020-05-30T00:00:00+08:00</startTime>
            <endTime>2020-05-31T00:00:00+08:00</endTime>
            <elementValue>
              <value>S</value>
              <measures>16 directions</measures>
            </elementValue>
          </time>
          <time>
            <startTime>2020-05-31T00:00:00+08:00</startTime>
            <endTime>2020-06-01T00:00:00+08:00</endTime>
            <elementValue>
              <value>S</value>
              <measures>16 directions</measures>
            </elementValue>
          </time>
          <time>
            <startTime>2020-06-01T00:00:00+08:00</startTime>
            <endTime>2020-06-02T00:00:00+08:00</endTime>
            <elementValue>
              <value>S</value>
              <measures>16 directions</measures>
            </elementValue>
          </time>
        </weatherElement>
        <weatherElement>
          <elementName>WS</elementName>
          <description>maximum of wind speed</description>
          <time>
            <startTime>2020-05-26T00:00:00+08:00</startTime>
            <endTime>2020-05-27T00:00:00+08:00</endTime>
            <elementValue>
              <value>3</value>
              <measures>m/s</measures>
            </elementValue>
            <elementValue>
              <value>2</value>
              <measures>Beaufort</measures>
            </elementValue>
          </time>
          <time>
            <startTime>2020-05-27T00:00:00+08:00</startTime>
            <endTime>2020-05-28T00:00:00+08:00</endTime>
            <elementValue>
              <value>3</value>
              <measures>m/s</measures>
            </elementValue>
            <elementValue>
              <value>2</value>
              <measures>Beaufort</measures>
            </elementValue>
          </time>
          <time>
            <startTime>2020-05-28T00:00:00+08:00</startTime>
            <endTime>2020-05-29T00:00:00+08:00</endTime>
            <elementValue>
              <value>3</value>
              <measures>m/s</measures>
            </elementValue>
            <elementValue>
              <value>2</value>
              <measures>Beaufort</measures>
            </elementValue>
          </time>
          <time>
            <startTime>2020-05-29T00:00:00+08:00</startTime>
            <endTime>2020-05-30T00:00:00+08:00</endTime>
            <elementValue>
              <value>2</value>
              <measures>m/s</measures>
            </elementValue>
            <elementValue>
              <value>2</value>
              <measures>Beaufort</measures>
            </elementValue>
          </time>
          <time>
            <startTime>2020-05-30T00:00:00+08:00</startTime>
            <endTime>2020-05-31T00:00:00+08:00</endTime>
            <elementValue>
              <value>2</value>
              <measures>m/s</measures>
            </elementValue>
            <elementValue>
              <value>2</value>
              <measures>Beaufort</measures>
            </elementValue>
          </time>
          <time>
            <startTime>2020-05-31T00:00:00+08:00</startTime>
            <endTime>2020-06-01T00:00:00+08:00</endTime>
            <elementValue>
              <value>2</value>
              <measures>m/s</measures>
            </elementValue>
            <elementValue>
              <value>2</value>
              <measures>Beaufort</measures>
            </elementValue>
          </time>
          <time>
            <startTime>2020-06-01T00:00:00+08:00</startTime>
            <endTime>2020-06-02T00:00:00+08:00</endTime>
            <elementValue>
              <value>2</value>
              <measures>m/s</measures>
            </elementValue>
            <elementValue>
              <value>2</value>
              <measures>Beaufort</measures>
            </elementValue>
          </time>
        </weatherElement>
        <weatherElement>
          <elementName>Wx</elementName>
          <description>weather</description>
          <time>
            <startTime>2020-05-26T00:00:00+08:00</startTime>
            <endTime>2020-05-27T00:00:00+08:00</endTime>
            <elementValue>
              <value>Cloudy with occasional showers or thunderstorms</value>
              <measures>define Wx text by self</measures>
            </elementValue>
            <elementValue>
              <value>18</value>
              <measures>define Wx unit by self</measures>
            </elementValue>
          </time>
          <time>
            <startTime>2020-05-27T00:00:00+08:00</startTime>
            <endTime>2020-05-28T00:00:00+08:00</endTime>
            <elementValue>
              <value>Cloudy with occasional showers or thunderstorms</value>
              <measures>define Wx text by self</measures>
            </elementValue>
            <elementValue>
              <value>18</value>
              <measures>define Wx unit by self</measures>
            </elementValue>
          </time>
          <time>
            <startTime>2020-05-28T00:00:00+08:00</startTime>
            <endTime>2020-05-29T00:00:00+08:00</endTime>
            <elementValue>
              <value>Partly cloudy with occasional showers or thunderstorms</value>
              <measures>define Wx text by self</measures>
            </elementValue>
            <elementValue>
              <value>15</value>
              <measures>define Wx unit by self</measures>
            </elementValue>
          </time>
          <time>
            <startTime>2020-05-29T00:00:00+08:00</startTime>
            <endTime>2020-05-30T00:00:00+08:00</endTime>
            <elementValue>
              <value>Partly cloudy with occasional showers</value>
              <measures>define Wx text by self</measures>
            </elementValue>
            <elementValue>
              <value>08</value>
              <measures>define Wx unit by self</measures>
            </elementValue>
          </time>
          <time>
            <startTime>2020-05-30T00:00:00+08:00</startTime>
            <endTime>2020-05-31T00:00:00+08:00</endTime>
            <elementValue>
              <value>Partly cloudy with occasional showers</value>
              <measures>define Wx text by self</measures>
            </elementValue>
            <elementValue>
              <value>08</value>
              <measures>define Wx unit by self</measures>
            </elementValue>
          </time>
          <time>
            <startTime>2020-05-31T00:00:00+08:00</startTime>
            <endTime>2020-06-01T00:00:00+08:00</endTime>
            <elementValue>
              <value>Partly cloudy with occasional showers</value>
              <measures>define Wx text by self</measures>
            </elementValue>
            <elementValue>
              <value>08</value>
              <measures>define Wx unit by self</measures>
            </elementValue>
          </time>
          <time>
            <startTime>2020-06-01T00:00:00+08:00</startTime>
            <endTime>2020-06-02T00:00:00+08:00</endTime>
            <elementValue>
              <value>Partly cloudy with occasional showers</value>
              <measures>define Wx text by self</measures>
            </elementValue>
            <elementValue>
              <value>08</value>
              <measures>define Wx unit by self</measures>
            </elementValue>
          </time>
        </weatherElement>
        <weatherElement>
          <elementName>UVI</elementName>
          <description>Ultraviolet index</description>
          <time>
            <startTime>2020-05-26T06:00:00+08:00</startTime>
            <endTime>2020-05-26T18:00:00+08:00</endTime>
            <elementValue>
              <value>7</value>
              <measures>UV Index</measures>
            </elementValue>
            <elementValue>
              <value>High</value>
              <measures>Exposure Level</measures>
            </elementValue>
          </time>
          <time>
            <startTime>2020-05-27T06:00:00+08:00</startTime>
            <endTime>2020-05-27T18:00:00+08:00</endTime>
            <elementValue>
              <value>6</value>
              <measures>UV Index</measures>
            </elementValue>
            <elementValue>
              <value>High</value>
              <measures>Exposure Level</measures>
            </elementValue>
          </time>
          <time>
            <startTime>2020-05-28T06:00:00+08:00</startTime>
            <endTime>2020-05-28T18:00:00+08:00</endTime>
            <elementValue>
              <value>7</value>
              <measures>UV Index</measures>
            </elementValue>
            <elementValue>
              <value>High</value>
              <measures>Exposure Level</measures>
            </elementValue>
          </time>
          <time>
            <startTime>2020-05-29T06:00:00+08:00</startTime>
            <endTime>2020-05-29T18:00:00+08:00</endTime>
            <elementValue>
              <value>8</value>
              <measures>UV Index</measures>
            </elementValue>
            <elementValue>
              <value>Very High</value>
              <measures>Exposure Level</measures>
            </elementValue>
          </time>
          <time>
            <startTime>2020-05-30T06:00:00+08:00</startTime>
            <endTime>2020-05-30T18:00:00+08:00</endTime>
            <elementValue>
              <value>9</value>
              <measures>UV Index</measures>
            </elementValue>
            <elementValue>
              <value>Very High</value>
              <measures>Exposure Level</measures>
            </elementValue>
          </time>
          <time>
            <startTime>2020-05-31T06:00:00+08:00</startTime>
            <endTime>2020-05-31T18:00:00+08:00</endTime>
            <elementValue>
              <value>9</value>
              <measures>UV Index</measures>
            </elementValue>
            <elementValue>
              <value>Very High</value>
              <measures>Exposure Level</measures>
            </elementValue>
          </time>
          <time>
            <startTime>2020-06-01T06:00:00+08:00</startTime>
            <endTime>2020-06-01T18:00:00+08:00</endTime>
            <elementValue>
              <value>9</value>
              <measures>UV Index</measures>
            </elementValue>
            <elementValue>
              <value>Very High</value>
              <measures>Exposure Level</measures>
            </elementValue>
          </time>
        </weatherElement>
        <weatherElement>
          <elementName>WeatherDescription</elementName>
          <description>weather description</description>
          <time>
            <startTime>2020-05-26T00:00:00+08:00</startTime>
            <endTime>2020-05-27T00:00:00+08:00</endTime>
            <elementValue>
              <value>Cloudy with occasional showers or thunderstorms. Temperature between 25 and 31 centigrade. Comfortable~Hot. S wind 3m/s. Chance of precipitation 60%.</value>
              <measures>NA</measures>
            </elementValue>
          </time>
          <time>
            <startTime>2020-05-27T00:00:00+08:00</startTime>
            <endTime>2020-05-28T00:00:00+08:00</endTime>
            <elementValue>
              <value>Cloudy with occasional showers or thunderstorms. Temperature between 25 and 30 centigrade. Comfortable~Hot. S wind 3m/s. Chance of precipitation 80%.</value>
              <measures>NA</measures>
            </elementValue>
          </time>
          <time>
            <startTime>2020-05-28T00:00:00+08:00</startTime>
            <endTime>2020-05-29T00:00:00+08:00</endTime>
            <elementValue>
              <value>Partly cloudy with occasional showers or thunderstorms. Temperature between 25 and 30 centigrade. Comfortable~Hot. S wind 3m/s. Chance of precipitation 70%.</value>
              <measures>NA</measures>
            </elementValue>
          </time>
          <time>
            <startTime>2020-05-29T00:00:00+08:00</startTime>
            <endTime>2020-05-30T00:00:00+08:00</endTime>
            <elementValue>
              <value>Partly cloudy with occasional showers. Temperature between 25 and 32 centigrade. Comfortable~Hot. S wind 2m/s. </value>
              <measures>NA</measures>
            </elementValue>
          </time>
          <time>
            <startTime>2020-05-30T00:00:00+08:00</startTime>
            <endTime>2020-05-31T00:00:00+08:00</endTime>
            <elementValue>
              <value>Partly cloudy with occasional showers. Temperature between 25 and 33 centigrade. Comfortable~Hot. S wind 2m/s. </value>
              <measures>NA</measures>
            </elementValue>
          </time>
          <time>
            <startTime>2020-05-31T00:00:00+08:00</startTime>
            <endTime>2020-06-01T00:00:00+08:00</endTime>
            <elementValue>
              <value>Partly cloudy with occasional showers. Temperature between 25 and 33 centigrade. Comfortable~Extremely hot. S wind 2m/s. </value>
              <measures>NA</measures>
            </elementValue>
          </time>
          <time>
            <startTime>2020-06-01T00:00:00+08:00</startTime>
            <endTime>2020-06-02T00:00:00+08:00</endTime>
            <elementValue>
              <value>Partly cloudy with occasional showers. Temperature between 26 and 33 centigrade. Comfortable~Extremely hot. S wind 2m/s. </value>
              <measures>NA</measures>
            </elementValue>
          </time>
        </weatherElement>
      </location>
      <location>
        <locationName>West District</locationName>
        <geocode>1002002</geocode>
        <lat>23.466267</lat>
        <lon>120.427285</lon>
        <weatherElement>
          <elementName>T</elementName>
          <description>average of temperature</description>
          <time>
            <startTime>2020-05-26T00:00:00+08:00</startTime>
            <endTime>2020-05-27T00:00:00+08:00</endTime>
            <elementValue>
              <value>28</value>
              <measures>C</measures>
            </elementValue>
          </time>
          <time>
            <startTime>2020-05-27T00:00:00+08:00</startTime>
            <endTime>2020-05-28T00:00:00+08:00</endTime>
            <elementValue>
              <value>27</value>
              <measures>C</measures>
            </elementValue>
          </time>
          <time>
            <startTime>2020-05-28T00:00:00+08:00</startTime>
            <endTime>2020-05-29T00:00:00+08:00</endTime>
            <elementValue>
              <value>27</value>
              <measures>C</measures>
            </elementValue>
          </time>
          <time>
            <startTime>2020-05-29T00:00:00+08:00</startTime>
            <endTime>2020-05-30T00:00:00+08:00</endTime>
            <elementValue>
              <value>28</value>
              <measures>C</measures>
            </elementValue>
          </time>
          <time>
            <startTime>2020-05-30T00:00:00+08:00</startTime>
            <endTime>2020-05-31T00:00:00+08:00</endTime>
            <elementValue>
              <value>28</value>
              <measures>C</measures>
            </elementValue>
          </time>
          <time>
            <startTime>2020-05-31T00:00:00+08:00</startTime>
            <endTime>2020-06-01T00:00:00+08:00</endTime>
            <elementValue>
              <value>29</value>
              <measures>C</measures>
            </elementValue>
          </time>
          <time>
            <startTime>2020-06-01T00:00:00+08:00</startTime>
            <endTime>2020-06-02T00:00:00+08:00</endTime>
            <elementValue>
              <value>29</value>
              <measures>C</measures>
            </elementValue>
          </time>
        </weatherElement>
        <weatherElement>
          <elementName>Td</elementName>
          <description>average of dew point temperature</description>
          <time>
            <startTime>2020-05-26T00:00:00+08:00</startTime>
            <endTime>2020-05-27T00:00:00+08:00</endTime>
            <elementValue>
              <value>26</value>
              <measures>C</measures>
            </elementValue>
          </time>
          <time>
            <startTime>2020-05-27T00:00:00+08:00</startTime>
            <endTime>2020-05-28T00:00:00+08:00</endTime>
            <elementValue>
              <value>26</value>
              <measures>C</measures>
            </elementValue>
          </time>
          <time>
            <startTime>2020-05-28T00:00:00+08:00</startTime>
            <endTime>2020-05-29T00:00:00+08:00</endTime>
            <elementValue>
              <value>25</value>
              <measures>C</measures>
            </elementValue>
          </time>
          <time>
            <startTime>2020-05-29T00:00:00+08:00</startTime>
            <endTime>2020-05-30T00:00:00+08:00</endTime>
            <elementValue>
              <value>26</value>
              <measures>C</measures>
            </elementValue>
          </time>
          <time>
            <startTime>2020-05-30T00:00:00+08:00</startTime>
            <endTime>2020-05-31T00:00:00+08:00</endTime>
            <elementValue>
              <value>26</value>
              <measures>C</measures>
            </elementValue>
          </time>
          <time>
            <startTime>2020-05-31T00:00:00+08:00</startTime>
            <endTime>2020-06-01T00:00:00+08:00</endTime>
            <elementValue>
              <value>26</value>
              <measures>C</measures>
            </elementValue>
          </time>
          <time>
            <startTime>2020-06-01T00:00:00+08:00</startTime>
            <endTime>2020-06-02T00:00:00+08:00</endTime>
            <elementValue>
              <value>26</value>
              <measures>C</measures>
            </elementValue>
          </time>
        </weatherElement>
        <weatherElement>
          <elementName>RH</elementName>
          <description>average of relative humidity</description>
          <time>
            <startTime>2020-05-26T00:00:00+08:00</startTime>
            <endTime>2020-05-27T00:00:00+08:00</endTime>
            <elementValue>
              <value>87</value>
              <measures>%</measures>
            </elementValue>
          </time>
          <time>
            <startTime>2020-05-27T00:00:00+08:00</startTime>
            <endTime>2020-05-28T00:00:00+08:00</endTime>
            <elementValue>
              <value>91</value>
              <measures>%</measures>
            </elementValue>
          </time>
          <time>
            <startTime>2020-05-28T00:00:00+08:00</startTime>
            <endTime>2020-05-29T00:00:00+08:00</endTime>
            <elementValue>
              <value>89</value>
              <measures>%</measures>
            </elementValue>
          </time>
          <time>
            <startTime>2020-05-29T00:00:00+08:00</startTime>
            <endTime>2020-05-30T00:00:00+08:00</endTime>
            <elementValue>
              <value>90</value>
              <measures>%</measures>
            </elementValue>
          </time>
          <time>
            <startTime>2020-05-30T00:00:00+08:00</startTime>
            <endTime>2020-05-31T00:00:00+08:00</endTime>
            <elementValue>
              <value>85</value>
              <measures>%</measures>
            </elementValue>
          </time>
          <time>
            <startTime>2020-05-31T00:00:00+08:00</startTime>
            <endTime>2020-06-01T00:00:00+08:00</endTime>
            <elementValue>
              <value>88</value>
              <measures>%</measures>
            </elementValue>
          </time>
          <time>
            <startTime>2020-06-01T00:00:00+08:00</startTime>
            <endTime>2020-06-02T00:00:00+08:00</endTime>
            <elementValue>
              <value>87</value>
              <measures>%</measures>
            </elementValue>
          </time>
        </weatherElement>
        <weatherElement>
          <elementName>MaxT</elementName>
          <description>maximum temperature</description>
          <time>
            <startTime>2020-05-26T00:00:00+08:00</startTime>
            <endTime>2020-05-27T00:00:00+08:00</endTime>
            <elementValue>
              <value>32</value>
              <measures>C</measures>
            </elementValue>
          </time>
          <time>
            <startTime>2020-05-27T00:00:00+08:00</startTime>
            <endTime>2020-05-28T00:00:00+08:00</endTime>
            <elementValue>
              <value>30</value>
              <measures>C</measures>
            </elementValue>
          </time>
          <time>
            <startTime>2020-05-28T00:00:00+08:00</startTime>
            <endTime>2020-05-29T00:00:00+08:00</endTime>
            <elementValue>
              <value>30</value>
              <measures>C</measures>
            </elementValue>
          </time>
          <time>
            <startTime>2020-05-29T00:00:00+08:00</startTime>
            <endTime>2020-05-30T00:00:00+08:00</endTime>
            <elementValue>
              <value>32</value>
              <measures>C</measures>
            </elementValue>
          </time>
          <time>
            <startTime>2020-05-30T00:00:00+08:00</startTime>
            <endTime>2020-05-31T00:00:00+08:00</endTime>
            <elementValue>
              <value>33</value>
              <measures>C</measures>
            </elementValue>
          </time>
          <time>
            <startTime>2020-05-31T00:00:00+08:00</startTime>
            <endTime>2020-06-01T00:00:00+08:00</endTime>
            <elementValue>
              <value>33</value>
              <measures>C</measures>
            </elementValue>
          </time>
          <time>
            <startTime>2020-06-01T00:00:00+08:00</startTime>
            <endTime>2020-06-02T00:00:00+08:00</endTime>
            <elementValue>
              <value>33</value>
              <measures>C</measures>
            </elementValue>
          </time>
        </weatherElement>
        <weatherElement>
          <elementName>MinT</elementName>
          <description>minimum temperature</description>
          <time>
            <startTime>2020-05-26T00:00:00+08:00</startTime>
            <endTime>2020-05-27T00:00:00+08:00</endTime>
            <elementValue>
              <value>25</value>
              <measures>C</measures>
            </elementValue>
          </time>
          <time>
            <startTime>2020-05-27T00:00:00+08:00</startTime>
            <endTime>2020-05-28T00:00:00+08:00</endTime>
            <elementValue>
              <value>25</value>
              <measures>C</measures>
            </elementValue>
          </time>
          <time>
            <startTime>2020-05-28T00:00:00+08:00</startTime>
            <endTime>2020-05-29T00:00:00+08:00</endTime>
            <elementValue>
              <value>25</value>
              <measures>C</measures>
            </elementValue>
          </time>
          <time>
            <startTime>2020-05-29T00:00:00+08:00</startTime>
            <endTime>2020-05-30T00:00:00+08:00</endTime>
            <elementValue>
              <value>25</value>
              <measures>C</measures>
            </elementValue>
          </time>
          <time>
            <startTime>2020-05-30T00:00:00+08:00</startTime>
            <endTime>2020-05-31T00:00:00+08:00</endTime>
            <elementValue>
              <value>25</value>
              <measures>C</measures>
            </elementValue>
          </time>
          <time>
            <startTime>2020-05-31T00:00:00+08:00</startTime>
            <endTime>2020-06-01T00:00:00+08:00</endTime>
            <elementValue>
              <value>25</value>
              <measures>C</measures>
            </elementValue>
          </time>
          <time>
            <startTime>2020-06-01T00:00:00+08:00</startTime>
            <endTime>2020-06-02T00:00:00+08:00</endTime>
            <elementValue>
              <value>26</value>
              <measures>C</measures>
            </elementValue>
          </time>
        </weatherElement>
        <weatherElement>
          <elementName>MaxAT</elementName>
          <description>maximum athletic temperature</description>
          <time>
            <startTime>2020-05-26T00:00:00+08:00</startTime>
            <endTime>2020-05-27T00:00:00+08:00</endTime>
            <elementValue>
              <value>37</value>
              <measures>C</measures>
            </elementValue>
          </time>
          <time>
            <startTime>2020-05-27T00:00:00+08:00</startTime>
            <endTime>2020-05-28T00:00:00+08:00</endTime>
            <elementValue>
              <value>35</value>
              <measures>C</measures>
            </elementValue>
          </time>
          <time>
            <startTime>2020-05-28T00:00:00+08:00</startTime>
            <endTime>2020-05-29T00:00:00+08:00</endTime>
            <elementValue>
              <value>35</value>
              <measures>C</measures>
            </elementValue>
          </time>
          <time>
            <startTime>2020-05-29T00:00:00+08:00</startTime>
            <endTime>2020-05-30T00:00:00+08:00</endTime>
            <elementValue>
              <value>37</value>
              <measures>C</measures>
            </elementValue>
          </time>
          <time>
            <startTime>2020-05-30T00:00:00+08:00</startTime>
            <endTime>2020-05-31T00:00:00+08:00</endTime>
            <elementValue>
              <value>38</value>
              <measures>C</measures>
            </elementValue>
          </time>
          <time>
            <startTime>2020-05-31T00:00:00+08:00</startTime>
            <endTime>2020-06-01T00:00:00+08:00</endTime>
            <elementValue>
              <value>38</value>
              <measures>C</measures>
            </elementValue>
          </time>
          <time>
            <startTime>2020-06-01T00:00:00+08:00</startTime>
            <endTime>2020-06-02T00:00:00+08:00</endTime>
            <elementValue>
              <value>38</value>
              <measures>C</measures>
            </elementValue>
          </time>
        </weatherElement>
        <weatherElement>
          <elementName>MinAT</elementName>
          <description>minimum athletic temperature</description>
          <time>
            <startTime>2020-05-26T00:00:00+08:00</startTime>
            <endTime>2020-05-27T00:00:00+08:00</endTime>
            <elementValue>
              <value>27</value>
              <measures>C</measures>
            </elementValue>
          </time>
          <time>
            <startTime>2020-05-27T00:00:00+08:00</startTime>
            <endTime>2020-05-28T00:00:00+08:00</endTime>
            <elementValue>
              <value>28</value>
              <measures>C</measures>
            </elementValue>
          </time>
          <time>
            <startTime>2020-05-28T00:00:00+08:00</startTime>
            <endTime>2020-05-29T00:00:00+08:00</endTime>
            <elementValue>
              <value>27</value>
              <measures>C</measures>
            </elementValue>
          </time>
          <time>
            <startTime>2020-05-29T00:00:00+08:00</startTime>
            <endTime>2020-05-30T00:00:00+08:00</endTime>
            <elementValue>
              <value>28</value>
              <measures>C</measures>
            </elementValue>
          </time>
          <time>
            <startTime>2020-05-30T00:00:00+08:00</startTime>
            <endTime>2020-05-31T00:00:00+08:00</endTime>
            <elementValue>
              <value>27</value>
              <measures>C</measures>
            </elementValue>
          </time>
          <time>
            <startTime>2020-05-31T00:00:00+08:00</startTime>
            <endTime>2020-06-01T00:00:00+08:00</endTime>
            <elementValue>
              <value>28</value>
              <measures>C</measures>
            </elementValue>
          </time>
          <time>
            <startTime>2020-06-01T00:00:00+08:00</startTime>
            <endTime>2020-06-02T00:00:00+08:00</endTime>
            <elementValue>
              <value>28</value>
              <measures>C</measures>
            </elementValue>
          </time>
        </weatherElement>
        <weatherElement>
          <elementName>MaxCI</elementName>
          <description>maximum comfort index</description>
          <time>
            <startTime>2020-05-26T00:00:00+08:00</startTime>
            <endTime>2020-05-27T00:00:00+08:00</endTime>
            <elementValue>
              <value>30</value>
              <measures>NA</measures>
            </elementValue>
          </time>
          <time>
            <startTime>2020-05-27T00:00:00+08:00</startTime>
            <endTime>2020-05-28T00:00:00+08:00</endTime>
            <elementValue>
              <value>29</value>
              <measures>NA</measures>
            </elementValue>
          </time>
          <time>
            <startTime>2020-05-28T00:00:00+08:00</startTime>
            <endTime>2020-05-29T00:00:00+08:00</endTime>
            <elementValue>
              <value>29</value>
              <measures>NA</measures>
            </elementValue>
          </time>
          <time>
            <startTime>2020-05-29T00:00:00+08:00</startTime>
            <endTime>2020-05-30T00:00:00+08:00</endTime>
            <elementValue>
              <value>30</value>
              <measures>NA</measures>
            </elementValue>
          </time>
          <time>
            <startTime>2020-05-30T00:00:00+08:00</startTime>
            <endTime>2020-05-31T00:00:00+08:00</endTime>
            <elementValue>
              <value>30</value>
              <measures>NA</measures>
            </elementValue>
          </time>
          <time>
            <startTime>2020-05-31T00:00:00+08:00</startTime>
            <endTime>2020-06-01T00:00:00+08:00</endTime>
            <elementValue>
              <value>31</value>
              <measures>NA</measures>
            </elementValue>
          </time>
          <time>
            <startTime>2020-06-01T00:00:00+08:00</startTime>
            <endTime>2020-06-02T00:00:00+08:00</endTime>
            <elementValue>
              <value>31</value>
              <measures>NA</measures>
            </elementValue>
          </time>
        </weatherElement>
        <weatherElement>
          <elementName>MinCI</elementName>
          <description>minimum comfort index</description>
          <time>
            <startTime>2020-05-26T00:00:00+08:00</startTime>
            <endTime>2020-05-27T00:00:00+08:00</endTime>
            <elementValue>
              <value>24</value>
              <measures>NA</measures>
            </elementValue>
          </time>
          <time>
            <startTime>2020-05-27T00:00:00+08:00</startTime>
            <endTime>2020-05-28T00:00:00+08:00</endTime>
            <elementValue>
              <value>25</value>
              <measures>NA</measures>
            </elementValue>
          </time>
          <time>
            <startTime>2020-05-28T00:00:00+08:00</startTime>
            <endTime>2020-05-29T00:00:00+08:00</endTime>
            <elementValue>
              <value>24</value>
              <measures>NA</measures>
            </elementValue>
          </time>
          <time>
            <startTime>2020-05-29T00:00:00+08:00</startTime>
            <endTime>2020-05-30T00:00:00+08:00</endTime>
            <elementValue>
              <value>24</value>
              <measures>NA</measures>
            </elementValue>
          </time>
          <time>
            <startTime>2020-05-30T00:00:00+08:00</startTime>
            <endTime>2020-05-31T00:00:00+08:00</endTime>
            <elementValue>
              <value>24</value>
              <measures>NA</measures>
            </elementValue>
          </time>
          <time>
            <startTime>2020-05-31T00:00:00+08:00</startTime>
            <endTime>2020-06-01T00:00:00+08:00</endTime>
            <elementValue>
              <value>24</value>
              <measures>NA</measures>
            </elementValue>
          </time>
          <time>
            <startTime>2020-06-01T00:00:00+08:00</startTime>
            <endTime>2020-06-02T00:00:00+08:00</endTime>
            <elementValue>
              <value>25</value>
              <measures>NA</measures>
            </elementValue>
          </time>
        </weatherElement>
        <weatherElement>
          <elementName>PoP24h</elementName>
          <description>24 hours probability of precipitation</description>
          <time>
            <startTime>2020-05-26T00:00:00+08:00</startTime>
            <endTime>2020-05-27T00:00:00+08:00</endTime>
            <elementValue>
              <value>60</value>
              <measures>%</measures>
            </elementValue>
          </time>
          <time>
            <startTime>2020-05-27T00:00:00+08:00</startTime>
            <endTime>2020-05-28T00:00:00+08:00</endTime>
            <elementValue>
              <value>80</value>
              <measures>%</measures>
            </elementValue>
          </time>
          <time>
            <startTime>2020-05-28T00:00:00+08:00</startTime>
            <endTime>2020-05-29T00:00:00+08:00</endTime>
            <elementValue>
              <value>70</value>
              <measures>%</measures>
            </elementValue>
          </time>
          <time>
            <startTime>2020-05-29T00:00:00+08:00</startTime>
            <endTime>2020-05-30T00:00:00+08:00</endTime>
            <elementValue>
              <value> </value>
              <measures>%</measures>
            </elementValue>
          </time>
          <time>
            <startTime>2020-05-30T00:00:00+08:00</startTime>
            <endTime>2020-05-31T00:00:00+08:00</endTime>
            <elementValue>
              <value> </value>
              <measures>%</measures>
            </elementValue>
          </time>
          <time>
            <startTime>2020-05-31T00:00:00+08:00</startTime>
            <endTime>2020-06-01T00:00:00+08:00</endTime>
            <elementValue>
              <value> </value>
              <measures>%</measures>
            </elementValue>
          </time>
          <time>
            <startTime>2020-06-01T00:00:00+08:00</startTime>
            <endTime>2020-06-02T00:00:00+08:00</endTime>
            <elementValue>
              <value> </value>
              <measures>%</measures>
            </elementValue>
          </time>
        </weatherElement>
        <weatherElement>
          <elementName>WD</elementName>
          <description>wind direction</description>
          <time>
            <startTime>2020-05-26T00:00:00+08:00</startTime>
            <endTime>2020-05-27T00:00:00+08:00</endTime>
            <elementValue>
              <value>S</value>
              <measures>16 directions</measures>
            </elementValue>
          </time>
          <time>
            <startTime>2020-05-27T00:00:00+08:00</startTime>
            <endTime>2020-05-28T00:00:00+08:00</endTime>
            <elementValue>
              <value>S</value>
              <measures>16 directions</measures>
            </elementValue>
          </time>
          <time>
            <startTime>2020-05-28T00:00:00+08:00</startTime>
            <endTime>2020-05-29T00:00:00+08:00</endTime>
            <elementValue>
              <value>S</value>
              <measures>16 directions</measures>
            </elementValue>
          </time>
          <time>
            <startTime>2020-05-29T00:00:00+08:00</startTime>
            <endTime>2020-05-30T00:00:00+08:00</endTime>
            <elementValue>
              <value>S</value>
              <measures>16 directions</measures>
            </elementValue>
          </time>
          <time>
            <startTime>2020-05-30T00:00:00+08:00</startTime>
            <endTime>2020-05-31T00:00:00+08:00</endTime>
            <elementValue>
              <value>S</value>
              <measures>16 directions</measures>
            </elementValue>
          </time>
          <time>
            <startTime>2020-05-31T00:00:00+08:00</startTime>
            <endTime>2020-06-01T00:00:00+08:00</endTime>
            <elementValue>
              <value>S</value>
              <measures>16 directions</measures>
            </elementValue>
          </time>
          <time>
            <startTime>2020-06-01T00:00:00+08:00</startTime>
            <endTime>2020-06-02T00:00:00+08:00</endTime>
            <elementValue>
              <value>S</value>
              <measures>16 directions</measures>
            </elementValue>
          </time>
        </weatherElement>
        <weatherElement>
          <elementName>WS</elementName>
          <description>maximum of wind speed</description>
          <time>
            <startTime>2020-05-26T00:00:00+08:00</startTime>
            <endTime>2020-05-27T00:00:00+08:00</endTime>
            <elementValue>
              <value>4</value>
              <measures>m/s</measures>
            </elementValue>
            <elementValue>
              <value>3</value>
              <measures>Beaufort</measures>
            </elementValue>
          </time>
          <time>
            <startTime>2020-05-27T00:00:00+08:00</startTime>
            <endTime>2020-05-28T00:00:00+08:00</endTime>
            <elementValue>
              <value>4</value>
              <measures>m/s</measures>
            </elementValue>
            <elementValue>
              <value>3</value>
              <measures>Beaufort</measures>
            </elementValue>
          </time>
          <time>
            <startTime>2020-05-28T00:00:00+08:00</startTime>
            <endTime>2020-05-29T00:00:00+08:00</endTime>
            <elementValue>
              <value>4</value>
              <measures>m/s</measures>
            </elementValue>
            <elementValue>
              <value>3</value>
              <measures>Beaufort</measures>
            </elementValue>
          </time>
          <time>
            <startTime>2020-05-29T00:00:00+08:00</startTime>
            <endTime>2020-05-30T00:00:00+08:00</endTime>
            <elementValue>
              <value>2</value>
              <measures>m/s</measures>
            </elementValue>
            <elementValue>
              <value>2</value>
              <measures>Beaufort</measures>
            </elementValue>
          </time>
          <time>
            <startTime>2020-05-30T00:00:00+08:00</startTime>
            <endTime>2020-05-31T00:00:00+08:00</endTime>
            <elementValue>
              <value>3</value>
              <measures>m/s</measures>
            </elementValue>
            <elementValue>
              <value>2</value>
              <measures>Beaufort</measures>
            </elementValue>
          </time>
          <time>
            <startTime>2020-05-31T00:00:00+08:00</startTime>
            <endTime>2020-06-01T00:00:00+08:00</endTime>
            <elementValue>
              <value>2</value>
              <measures>m/s</measures>
            </elementValue>
            <elementValue>
              <value>2</value>
              <measures>Beaufort</measures>
            </elementValue>
          </time>
          <time>
            <startTime>2020-06-01T00:00:00+08:00</startTime>
            <endTime>2020-06-02T00:00:00+08:00</endTime>
            <elementValue>
              <value>2</value>
              <measures>m/s</measures>
            </elementValue>
            <elementValue>
              <value>2</value>
              <measures>Beaufort</measures>
            </elementValue>
          </time>
        </weatherElement>
        <weatherElement>
          <elementName>Wx</elementName>
          <description>weather</description>
          <time>
            <startTime>2020-05-26T00:00:00+08:00</startTime>
            <endTime>2020-05-27T00:00:00+08:00</endTime>
            <elementValue>
              <value>Mostly cloudy with occasional showers or thunderstorms</value>
              <measures>define Wx text by self</measures>
            </elementValue>
            <elementValue>
              <value>17</value>
              <measures>define Wx unit by self</measures>
            </elementValue>
          </time>
          <time>
            <startTime>2020-05-27T00:00:00+08:00</startTime>
            <endTime>2020-05-28T00:00:00+08:00</endTime>
            <elementValue>
              <value>Cloudy with occasional showers or thunderstorms</value>
              <measures>define Wx text by self</measures>
            </elementValue>
            <elementValue>
              <value>18</value>
              <measures>define Wx unit by self</measures>
            </elementValue>
          </time>
          <time>
            <startTime>2020-05-28T00:00:00+08:00</startTime>
            <endTime>2020-05-29T00:00:00+08:00</endTime>
            <elementValue>
              <value>Partly cloudy with occasional showers or thunderstorms</value>
              <measures>define Wx text by self</measures>
            </elementValue>
            <elementValue>
              <value>15</value>
              <measures>define Wx unit by self</measures>
            </elementValue>
          </time>
          <time>
            <startTime>2020-05-29T00:00:00+08:00</startTime>
            <endTime>2020-05-30T00:00:00+08:00</endTime>
            <elementValue>
              <value>Partly cloudy with occasional showers</value>
              <measures>define Wx text by self</measures>
            </elementValue>
            <elementValue>
              <value>08</value>
              <measures>define Wx unit by self</measures>
            </elementValue>
          </time>
          <time>
            <startTime>2020-05-30T00:00:00+08:00</startTime>
            <endTime>2020-05-31T00:00:00+08:00</endTime>
            <elementValue>
              <value>Partly cloudy with occasional showers</value>
              <measures>define Wx text by self</measures>
            </elementValue>
            <elementValue>
              <value>08</value>
              <measures>define Wx unit by self</measures>
            </elementValue>
          </time>
          <time>
            <startTime>2020-05-31T00:00:00+08:00</startTime>
            <endTime>2020-06-01T00:00:00+08:00</endTime>
            <elementValue>
              <value>Partly cloudy with occasional showers</value>
              <measures>define Wx text by self</measures>
            </elementValue>
            <elementValue>
              <value>08</value>
              <measures>define Wx unit by self</measures>
            </elementValue>
          </time>
          <time>
            <startTime>2020-06-01T00:00:00+08:00</startTime>
            <endTime>2020-06-02T00:00:00+08:00</endTime>
            <elementValue>
              <value>Partly cloudy with occasional showers</value>
              <measures>define Wx text by self</measures>
            </elementValue>
            <elementValue>
              <value>08</value>
              <measures>define Wx unit by self</measures>
            </elementValue>
          </time>
        </weatherElement>
        <weatherElement>
          <elementName>UVI</elementName>
          <description>Ultraviolet index</description>
          <time>
            <startTime>2020-05-26T06:00:00+08:00</startTime>
            <endTime>2020-05-26T18:00:00+08:00</endTime>
            <elementValue>
              <value>7</value>
              <measures>UV Index</measures>
            </elementValue>
            <elementValue>
              <value>High</value>
              <measures>Exposure Level</measures>
            </elementValue>
          </time>
          <time>
            <startTime>2020-05-27T06:00:00+08:00</startTime>
            <endTime>2020-05-27T18:00:00+08:00</endTime>
            <elementValue>
              <value>6</value>
              <measures>UV Index</measures>
            </elementValue>
            <elementValue>
              <value>High</value>
              <measures>Exposure Level</measures>
            </elementValue>
          </time>
          <time>
            <startTime>2020-05-28T06:00:00+08:00</startTime>
            <endTime>2020-05-28T18:00:00+08:00</endTime>
            <elementValue>
              <value>7</value>
              <measures>UV Index</measures>
            </elementValue>
            <elementValue>
              <value>High</value>
              <measures>Exposure Level</measures>
            </elementValue>
          </time>
          <time>
            <startTime>2020-05-29T06:00:00+08:00</startTime>
            <endTime>2020-05-29T18:00:00+08:00</endTime>
            <elementValue>
              <value>8</value>
              <measures>UV Index</measures>
            </elementValue>
            <elementValue>
              <value>Very High</value>
              <measures>Exposure Level</measures>
            </elementValue>
          </time>
          <time>
            <startTime>2020-05-30T06:00:00+08:00</startTime>
            <endTime>2020-05-30T18:00:00+08:00</endTime>
            <elementValue>
              <value>8</value>
              <measures>UV Index</measures>
            </elementValue>
            <elementValue>
              <value>Very High</value>
              <measures>Exposure Level</measures>
            </elementValue>
          </time>
          <time>
            <startTime>2020-05-31T06:00:00+08:00</startTime>
            <endTime>2020-05-31T18:00:00+08:00</endTime>
            <elementValue>
              <value>9</value>
              <measures>UV Index</measures>
            </elementValue>
            <elementValue>
              <value>Very High</value>
              <measures>Exposure Level</measures>
            </elementValue>
          </time>
          <time>
            <startTime>2020-06-01T06:00:00+08:00</startTime>
            <endTime>2020-06-01T18:00:00+08:00</endTime>
            <elementValue>
              <value>9</value>
              <measures>UV Index</measures>
            </elementValue>
            <elementValue>
              <value>Very High</value>
              <measures>Exposure Level</measures>
            </elementValue>
          </time>
        </weatherElement>
        <weatherElement>
          <elementName>WeatherDescription</elementName>
          <description>weather description</description>
          <time>
            <startTime>2020-05-26T00:00:00+08:00</startTime>
            <endTime>2020-05-27T00:00:00+08:00</endTime>
            <elementValue>
              <value>Mostly cloudy with occasional showers or thunderstorms. Temperature between 25 and 32 centigrade. Comfortable~Hot. S wind 4m/s. Chance of precipitation 60%.</value>
              <measures>NA</measures>
            </elementValue>
          </time>
          <time>
            <startTime>2020-05-27T00:00:00+08:00</startTime>
            <endTime>2020-05-28T00:00:00+08:00</endTime>
            <elementValue>
              <value>Cloudy with occasional showers or thunderstorms. Temperature between 25 and 30 centigrade. Comfortable~Hot. S wind 4m/s. Chance of precipitation 80%.</value>
              <measures>NA</measures>
            </elementValue>
          </time>
          <time>
            <startTime>2020-05-28T00:00:00+08:00</startTime>
            <endTime>2020-05-29T00:00:00+08:00</endTime>
            <elementValue>
              <value>Partly cloudy with occasional showers or thunderstorms. Temperature between 25 and 30 centigrade. Comfortable~Hot. S wind 4m/s. Chance of precipitation 70%.</value>
              <measures>NA</measures>
            </elementValue>
          </time>
          <time>
            <startTime>2020-05-29T00:00:00+08:00</startTime>
            <endTime>2020-05-30T00:00:00+08:00</endTime>
            <elementValue>
              <value>Partly cloudy with occasional showers. Temperature between 25 and 32 centigrade. Comfortable~Hot. S wind 2m/s. </value>
              <measures>NA</measures>
            </elementValue>
          </time>
          <time>
            <startTime>2020-05-30T00:00:00+08:00</startTime>
            <endTime>2020-05-31T00:00:00+08:00</endTime>
            <elementValue>
              <value>Partly cloudy with occasional showers. Temperature between 25 and 33 centigrade. Comfortable~Hot. S wind 3m/s. </value>
              <measures>NA</measures>
            </elementValue>
          </time>
          <time>
            <startTime>2020-05-31T00:00:00+08:00</startTime>
            <endTime>2020-06-01T00:00:00+08:00</endTime>
            <elementValue>
              <value>Partly cloudy with occasional showers. Temperature between 25 and 33 centigrade. Comfortable~Extremely hot. S wind 2m/s. </value>
              <measures>NA</measures>
            </elementValue>
          </time>
          <time>
            <startTime>2020-06-01T00:00:00+08:00</startTime>
            <endTime>2020-06-02T00:00:00+08:00</endTime>
            <elementValue>
              <value>Partly cloudy with occasional showers. Temperature between 26 and 33 centigrade. Comfortable~Extremely hot. S wind 2m/s. </value>
              <measures>NA</measures>
            </elementValue>
          </time>
        </weatherElement>
      </location>
    </locations>
  </dataset>
</cwbopendata>
